[
  {
    "model": "auth.group",
    "pk": 1,
    "fields": {
      "name": "Sports",
      "permissions": [
        40
      ]
    }
  },
  {
    "model": "auth.group",
    "pk": 2,
    "fields": {
      "name": "Cuisine",
      "permissions": [
        40
      ]
    }
  },
  {
    "model": "foraliving.Type",
    "pk": 1,
    "fields": {
      "name": "Student"
    }
  },
  {
    "model": "foraliving.Type",
    "pk": 2,
    "fields": {
      "name": "Teacher"
    }
  },
  {
    "model": "foraliving.Type",
    "pk": 3,
    "fields": {
      "name": "Volunteer"
    }
  },
  {
    "pk": 1,
    "model": "auth.user",
    "fields": {
      "username": "volunteer_admin",
      "first_name": "Vivian",
      "last_name": "Aguilar",
      "is_active": true,
      "is_superuser": false,
      "is_staff": true,
      "last_login": "2008-09-05 12:40:34",
      "groups": [
      ],
      "user_permissions": [],
      "password": "pbkdf2_sha256$30000$pOAjkIh9uSt3$W3ZN4v4dui8TDQhhvWU5ucDu/G1wqljjwfsGKgN5rbQ=",
      "email": "admin@foraliving.org"
    }
  },
  {
    "pk": 2,
    "model": "auth.user",
    "fields": {
      "username": "student_admin",
      "first_name": "Noelia",
      "last_name": "Pazos",
      "is_active": true,
      "is_superuser": false,
      "is_staff": true,
      "last_login": "2008-09-05 12:40:34",
      "groups": [
        1
      ],
      "user_permissions": [],
      "password": "pbkdf2_sha256$30000$pOAjkIh9uSt3$W3ZN4v4dui8TDQhhvWU5ucDu/G1wqljjwfsGKgN5rbQ=",
      "email": "admin@foraliving.org"
    }
  },
  {
    "pk": 3,
    "model": "auth.user",
    "fields": {
      "username": "teacher_admin",
      "first_name": "Jacquie",
      "last_name": "B",
      "is_active": true,
      "is_superuser": true,
      "is_staff": true,
      "last_login": "2008-09-05 12:40:34",
      "groups": [
      ],
      "user_permissions": [],
      "password": "pbkdf2_sha256$30000$pOAjkIh9uSt3$W3ZN4v4dui8TDQhhvWU5ucDu/G1wqljjwfsGKgN5rbQ=",
      "email": "jacquieued@gmail.com"
    }
  },
  {
    "pk": 4,
    "model": "auth.user",
    "fields": {
      "username": "volunteer_admin2",
      "first_name": "Avni",
      "last_name": "B",
      "is_active": true,
      "is_superuser": true,
      "is_staff": true,
      "last_login": "2008-09-05 12:40:34",
      "groups": [
      ],
      "user_permissions": [],
      "password": "pbkdf2_sha256$30000$pOAjkIh9uSt3$W3ZN4v4dui8TDQhhvWU5ucDu/G1wqljjwfsGKgN5rbQ=",
      "email": "avni321@gmail.com"
    }
  },
  {
    "pk": 5,
    "model": "auth.user",
    "fields": {
      "username": "student_admin2",
      "first_name": "Noelia",
      "last_name": "Pazos",
      "is_active": true,
      "is_superuser": true,
      "is_staff": true,
      "last_login": "2008-09-05 12:40:34",
      "groups": [
        2
      ],
      "user_permissions": [],
      "password": "pbkdf2_sha256$30000$pOAjkIh9uSt3$W3ZN4v4dui8TDQhhvWU5ucDu/G1wqljjwfsGKgN5rbQ=",
      "email": "admin@foraliving.org"
    }
  },
  {
    "pk": 6,
    "model": "auth.user",
    "fields": {
      "username": "student_admin3",
      "first_name": "Mich",
      "last_name": "Taylor",
      "is_active": true,
      "is_superuser": true,
      "is_staff": true,
      "last_login": "2008-09-05 12:40:34",
      "groups": [
        1
      ],
      "user_permissions": [],
      "password": "pbkdf2_sha256$30000$pOAjkIh9uSt3$W3ZN4v4dui8TDQhhvWU5ucDu/G1wqljjwfsGKgN5rbQ=",
      "email": "admin@foraliving.org"
    }
  },
  {
    "pk": 7,
    "model": "auth.user",
    "fields": {
      "username": "student_admin4",
      "first_name": "Noelia",
      "last_name": "Pazos",
      "is_active": true,
      "is_superuser": true,
      "is_staff": true,
      "last_login": "2008-09-05 12:40:34",
      "groups": [
        2
      ],
      "user_permissions": [],
      "password": "pbkdf2_sha256$30000$pOAjkIh9uSt3$W3ZN4v4dui8TDQhhvWU5ucDu/G1wqljjwfsGKgN5rbQ=",
      "email": "admin@foraliving.org"
    }
  },
  {
    "model": "foraliving.User_Type",
    "pk": 1,
    "fields": {
      "user": 1,
      "type": 3
    }
  },
  {
    "model": "foraliving.User_Type",
    "pk": 2,
    "fields": {
      "user": 2,
      "type": 1
    }
  },
  {
    "model": "foraliving.User_Type",
    "pk": 3,
    "fields": {
      "user": 3,
      "type": 2
    }
  },
  {
    "model": "foraliving.User_Type",
    "pk": 4,
    "fields": {
      "user": 4,
      "type": 3
    }
  },
  {
    "model": "foraliving.User_Type",
    "pk": 5,
    "fields": {
      "user": 5,
      "type": 1
    }
  },
  {
    "model": "foraliving.User_Type",
    "pk": 6,
    "fields": {
      "user": 6,
      "type": 1
    }
  },
  {
    "model": "foraliving.User_Type",
    "pk": 7,
    "fields": {
      "user": 7,
      "type": 1
    }
  },
  {
    "model": "foraliving.LMS",
    "pk": 1,
    "fields": {
      "name": "Default LMS",
      "url": "www.foraliving.org"
    }
  },
  {
    "model": "foraliving.School",
    "pk": 1,
    "fields": {
      "lms": 1,
      "name": "Default School",
      "url": "www.foraliving.org"
    }
  },
  {
    "model": "foraliving.User_Add_Ons",
    "pk": 1,
    "fields": {
      "user": 2,
      "school": 1,
      "lms": 1
    }
  },
  {
    "model": "foraliving.User_Add_Ons",
    "pk": 2,
    "fields": {
      "user": 3,
      "school": 1,
      "lms": 1
    }
  },
  {
    "model": "foraliving.User_Add_Ons",
    "pk": 3,
    "fields": {
      "user": 5,
      "school": 1,
      "lms": 1
    }
  },
  {
    "model": "foraliving.User_Add_Ons",
    "pk": 4,
    "fields": {
      "user": 6,
      "school": 1,
      "lms": 1
    }
  },
  {
    "model": "foraliving.User_Add_Ons",
    "pk": 5,
    "fields": {
      "user": 7,
      "school": 1,
      "lms": 1
    }
  },
  {
    "model": "foraliving.Volunteer_User_Add_Ons",
    "pk": 1,
    "fields": {
      "user": 1,
      "phone": "1801-22343",
      "canGetText": true,
      "workTitle": "Educator",
      "isBusinessOwner": true,
      "workIndustry": "Education",
      "yearsInIndustry": 6,
      "linkedinProfile": "www.linkedin.com/in/vivian-aguilar-05124250",
      "yearsSinceHSGraduation": 3,
      "collegeLevel": 1,
      "collegeMajor": "B.S. Social Science",
      "skills": [],
      "interests": []
    }
  },
  {
    "model": "foraliving.Volunteer_User_Add_Ons",
    "pk": 2,
    "fields": {
      "user": 4,
      "phone": "1801-22343",
      "canGetText": true,
      "workTitle": "Educator",
      "isBusinessOwner": true,
      "workIndustry": "Education",
      "yearsInIndustry": 6,
      "linkedinProfile": "www.linkedin.com/in/vivian-aguilar-05124250",
      "yearsSinceHSGraduation": 3,
      "collegeLevel": 1,
      "collegeMajor": "B.S. Social Science",
      "skills": [],
      "interests": []
    }
  },
  {
    "model": "foraliving.Class",
    "pk": 1,
    "fields": {
      "school": 1,
      "lms": 1,
      "teacher": 2,
      "name": "7h grade",
      "academic_year": 2,
      "semester": 1
    }
  },
  {
    "model": "foraliving.Class",
    "pk": 2,
    "fields": {
      "school": 1,
      "lms": 1,
      "teacher": 2,
      "name": "2nd grade",
      "academic_year": 2,
      "semester": 1
    }
  },
  {
    "model": "foraliving.Student_Class",
    "pk": 1,
    "fields": {
      "student": 2,
      "falClass": 1
    }
  },
  {
    "model": "foraliving.Student_Class",
    "pk": 2,
    "fields": {
      "student": 5,
      "falClass": 1
    }
  },
  {
    "model": "foraliving.Student_Class",
    "pk": 3,
    "fields": {
      "student": 6,
      "falClass": 2
    }
  },
  {
    "model": "foraliving.Student_Class",
    "pk": 4,
    "fields": {
      "student": 7,
      "falClass": 2
    }
  },
  {
    "model": "foraliving.Assignment",
    "pk": 1,
    "fields": {
      "title": "Teacher Interview",
      "falClass": 1,
      "document": "wwww.foraliving.org",
      "due_date": "2016-12-10",
      "creation_date": "2016-05-10"
    }
  },
  {
    "model": "foraliving.Assignment",
    "pk": 2,
    "fields": {
      "title": "Designer Interview",
      "falClass": 2,
      "document": "wwww.foraliving.org",
      "due_date": "2016-12-10",
      "creation_date": "2016-05-10"
    }
  },
  {
    "model": "foraliving.Question",
    "pk": 1,
    "fields": {
      "name": "What is your favorite book and why? (student practice question)",
      "created_by": 2,
      "creation_date": "2016-11-11"
    }
  },
  {
    "model": "foraliving.Question",
    "pk": 2,
    "fields": {
      "name": "What is your job and how do you spend your time at work?",
      "created_by": 2,
      "creation_date": "2016-11-11"
    }
  },
  {
    "model": "foraliving.Question",
    "pk": 3,
    "fields": {
      "name": "What would surprise most people about your job?",
      "created_by": 2,
      "creation_date": "2016-11-11"
    }
  },
  {
    "model": "foraliving.Question",
    "pk": 4,
    "fields": {
      "name": "In what ways, if any, did your interests as a kid lead you on your career path?",
      "created_by": 2,
      "creation_date": "2016-11-11"
    }
  },
  {
    "model": "foraliving.Question",
    "pk": 5,
    "fields": {
      "name": "How does your college major relate to your current job?",
      "created_by": 2,
      "creation_date": "2016-11-11"
    }
  },
  {
    "model": "foraliving.Question",
    "pk": 6,
    "fields": {
      "name": "What personality trait has helped you most in doing a good job at work?",
      "created_by": 2,
      "creation_date": "2016-11-11"
    }
  },
  {
    "model": "foraliving.Question",
    "pk": 7,
    "fields": {
      "name": "Did you know what you wanted to do for a living when you graduated from high school? Is it what you are doing now?",
      "created_by": 2,
      "creation_date": "2016-11-11"
    }
  },
  {
    "model": "foraliving.Question",
    "pk": 8,
    "fields": {
      "name": "What advice do you wish you’d had when you graduated from high school?",
      "created_by": 2,
      "creation_date": "2016-11-11"
    }
  },
  {
    "model": "foraliving.Question",
    "pk": 9,
    "fields": {
      "name": "If a student is interested in doing what you do, what are the most important things they should consider?",
      "created_by": 2,
      "creation_date": "2016-11-11"
    }
  },
  {
    "model": "foraliving.Question",
    "pk": 10,
    "fields": {
      "name": "How have your perceptions about work changed since you graduated from high school?",
      "created_by": 2,
      "creation_date": "2016-11-11"
    }
  },
  {
    "model": "foraliving.Question",
    "pk": 11,
    "fields": {
      "name": "How and why did you decide to do what you do?",
      "created_by": 2,
      "creation_date": "2016-11-11"
    }
  },
  {
    "model": "foraliving.Question",
    "pk": 12,
    "fields": {
      "name": "What has been the most important lesson you have learned about yourself since graduating from college?",
      "created_by": 2,
      "creation_date": "2016-11-11"
    }
  },
  {
    "model": "foraliving.Question",
    "pk": 13,
    "fields": {
      "name": "What do you enjoy most about your job?",
      "created_by": 2,
      "creation_date": "2016-11-11"
    }
  },
  {
    "model": "foraliving.Question",
    "pk": 14,
    "fields": {
      "name": "In what ways has your job changed over the years and how have you dealt with it?",
      "created_by": 2,
      "creation_date": "2016-11-11"
    }
  },
  {
    "model": "foraliving.Question",
    "pk": 15,
    "fields": {
      "name": "What was your most creative idea at work?",
      "created_by": 2,
      "creation_date": "2016-11-11"
    }
  },
  {
    "model": "foraliving.Question",
    "pk": 16,
    "fields": {
      "name": "What did you learn from some of your first jobs?",
      "created_by": 2,
      "creation_date": "2016-11-11"
    }
  },
  {
    "model": "foraliving.Question",
    "pk": 17,
    "fields": {
      "name": "What was your first job?",
      "created_by": 2,
      "creation_date": "2016-11-11"
    }
  },
  {
    "model": "foraliving.Question",
    "pk": 18,
    "fields": {
      "name": "What career advice changed your life and how?",
      "created_by": 2,
      "creation_date": "2016-11-11"
    }
  },
  {
    "model": "foraliving.Question",
    "pk": 19,
    "fields": {
      "name": "What dissimilar jobs have you had. What made you effective in these different jobs?",
      "created_by": 2,
      "creation_date": "2016-11-11"
    }
  },
  {
    "model": "foraliving.Question",
    "pk": 20,
    "fields": {
      "name": "If you could do it over, would you pick the same college major?",
      "created_by": 2,
      "creation_date": "2016-11-11"
    }
  },
  {
    "model": "foraliving.Question",
    "pk": 21,
    "fields": {
      "name": "What’s the hardest part of your job?",
      "created_by": 2,
      "creation_date": "2016-11-11"
    }
  },
  {
    "model": "foraliving.Question",
    "pk": 22,
    "fields": {
      "name": "Describe a challenge at work that you learned from?",
      "created_by": 2,
      "creation_date": "2016-11-11"
    }
  },
  {
    "model": "foraliving.Question",
    "pk": 23,
    "fields": {
      "name": "How would you rate your job on a scale 1 to 10 and why?",
      "created_by": 2,
      "creation_date": "2016-11-11"
    }
  },
  {
    "model": "foraliving.interview",
    "pk": 1,
    "fields": {
      "interviewer": "",
      "interviewee": 1,
      "group": 1,
      "date": "2016-11-03T00:00:00Z",
      "assignment": 1
    }
  },
  {
    "model": "foraliving.interview",
    "pk": 2,
    "fields": {
      "interviewer": "",
      "interviewee": 4,
      "group": 2,
      "date": "2016-11-03T00:00:00Z",
      "assignment": 1
    }
  },
  {
    "model": "foraliving.video",
    "pk": 1,
    "fields": {
      "name": "Carrer Educator",
      "url": "https://www.youtube.com/embed/48ZzVjAbA1s?rel=0",
      "tags": "homepage",
      "created_by": 1,
      "creation_date": "2016-05-05T00:00:00Z",
      "status": "pending"
    }
  },
  {
    "model": "foraliving.video",
    "pk": 2,
    "fields": {
      "name": "Carrer Educator",
      "url": "https://www.youtube.com/embed/48ZzVjAbA1s?rel=0",
      "tags": "homepage",
      "created_by": 2,
      "creation_date": "2016-05-05T00:00:00Z",
      "status": "pending"
    }
  }
]